{"cameraMode":{"drawMode":0,"name":"Shaded","section":"Shading Mode"},"sceneLighting":false,"audioPlay":false,"sceneViewState":{"m_AlwaysRefresh":false,"showFog":true,"showSkybox":true,"showFlares":true,"showImageEffects":true,"showParticleSystems":true,"showVisualEffectGraphs":true,"m_FxEnabled":true},"in2DMode":false,"pivot":{"x":-11.718270301818848,"y":4.345611572265625,"z":-5.889032363891602},"rotation":{"x":0.004029426258057356,"y":-0.9911803603172302,"z":0.028529223054647447,"w":0.13067668676376344},"size":11.73282527923584,"orthographic":false}