{"cameraMode":{"drawMode":0,"name":"Shaded","section":"Shading Mode"},"sceneLighting":false,"audioPlay":false,"sceneViewState":{"m_AlwaysRefresh":false,"showFog":true,"showSkybox":true,"showFlares":true,"showImageEffects":true,"showParticleSystems":true,"showVisualEffectGraphs":true,"m_FxEnabled":true},"in2DMode":false,"pivot":{"x":-18.710546493530275,"y":2.5036442279815676,"z":-16.189449310302736},"rotation":{"x":0.2204132378101349,"y":0.026316966861486436,"z":-0.006012887693941593,"w":0.9750894904136658},"size":13.129963874816895,"orthographic":false}