{"cameraMode":{"drawMode":0,"name":"Shaded","section":"Shading Mode"},"sceneLighting":false,"audioPlay":false,"sceneViewState":{"m_AlwaysRefresh":false,"showFog":true,"showSkybox":true,"showFlares":true,"showImageEffects":true,"showParticleSystems":true,"showVisualEffectGraphs":true,"m_FxEnabled":true},"in2DMode":false,"pivot":{"x":-49.333900451660159,"y":1.9777543544769288,"z":-46.776798248291019},"rotation":{"x":-0.048308487981557849,"y":0.7627375721931458,"z":-0.057682160288095477,"w":-0.642323911190033},"size":0.6160008907318115,"orthographic":false}