{"cameraMode":{"drawMode":0,"name":"Shaded","section":"Shading Mode"},"sceneLighting":false,"audioPlay":false,"sceneViewState":{"m_AlwaysRefresh":false,"showFog":true,"showSkybox":true,"showFlares":true,"showImageEffects":true,"showParticleSystems":true,"showVisualEffectGraphs":true,"m_FxEnabled":true},"in2DMode":false,"pivot":{"x":-11.718270301818848,"y":4.345611572265625,"z":-5.889032363891602},"rotation":{"x":0.001719198771752417,"y":-0.9830601811408997,"z":0.007625230588018894,"w":0.18405960500240327},"size":12.719696998596192,"orthographic":false}