{"cameraMode":{"drawMode":0,"name":"Shaded","section":"Shading Mode"},"sceneLighting":false,"audioPlay":false,"sceneViewState":{"m_AlwaysRefresh":false,"showFog":true,"showSkybox":true,"showFlares":true,"showImageEffects":true,"showParticleSystems":true,"showVisualEffectGraphs":true,"m_FxEnabled":true},"in2DMode":false,"pivot":{"x":115.16928100585938,"y":11.321063995361329,"z":17.9229736328125},"rotation":{"x":-0.23559428751468659,"y":0.08791909366846085,"z":-0.021362299099564554,"w":-0.9676930904388428},"size":37.12132263183594,"orthographic":false}